page_url,file_url
http://thaohoiam.vn/van-dap-duy-ma-cat-kinh/,http://thaohoiam.vn/wp-content/uploads/2015/06/01-Theo-Hoa-Nghiem-ton-duc-Phat-thuyet-phap-co-Tam-thoi-va-Ngu-giao.mp3
http://thaohoiam.vn/van-dap-duy-ma-cat-kinh/,http://thaohoiam.vn/wp-content/uploads/2015/06/01-Theo-Hoa-Nghiem-ton-duc-Phat-thuyet-phap-co-Tam-thoi-va-Ngu-giao.mp3?_=1
http://thaohoiam.vn/van-dap-duy-ma-cat-kinh/,http://thaohoiam.vn/wp-content/uploads/2015/06/017-Phuong-tien-la-gi.mp3
http://thaohoiam.vn/van-dap-duy-ma-cat-kinh/,http://thaohoiam.vn/wp-content/uploads/2015/06/017-Phuong-tien-la-gi.mp3?_=17
http://thaohoiam.vn/van-dap-duy-ma-cat-kinh/,http://thaohoiam.vn/wp-content/uploads/2015/06/018-Dao-duc-va-Hanh-dong-cua-Truong-gia-DMC.mp3
http://thaohoiam.vn/van-dap-duy-ma-cat-kinh/,http://thaohoiam.vn/wp-content/uploads/2015/06/018-Dao-duc-va-Hanh-dong-cua-Truong-gia-DMC.mp3?_=18
http://thaohoiam.vn/van-dap-duy-ma-cat-kinh/,http://thaohoiam.vn/wp-content/uploads/2015/06/019-Phat-co-ba-than.mp3
http://thaohoiam.vn/van-dap-duy-ma-cat-kinh/,http://thaohoiam.vn/wp-content/uploads/2015/06/019-Phat-co-ba-than.mp3?_=19
http://thaohoiam.vn/van-dap-duy-ma-cat-kinh/,http://thaohoiam.vn/wp-content/uploads/2015/06/02-Bo-tat-DMC-la-nguoi-bat-tu-nghi-Ngai-la-vi-bon-cao-tich-ha-the-nao.mp3
http://thaohoiam.vn/van-dap-duy-ma-cat-kinh/,http://thaohoiam.vn/wp-content/uploads/2015/06/02-Bo-tat-DMC-la-nguoi-bat-tu-nghi-Ngai-la-vi-bon-cao-tich-ha-the-nao.mp3?_=2
http://thaohoiam.vn/van-dap-duy-ma-cat-kinh/,http://thaohoiam.vn/wp-content/uploads/2015/06/020-Bo-tat-DMC-trien-khai-mat-muc-nat-va-tich-cuc-cua-than.mp3
http://thaohoiam.vn/van-dap-duy-ma-cat-kinh/,http://thaohoiam.vn/wp-content/uploads/2015/06/020-Bo-tat-DMC-trien-khai-mat-muc-nat-va-tich-cuc-cua-than.mp3?_=20
http://thaohoiam.vn/van-dap-duy-ma-cat-kinh/,http://thaohoiam.vn/wp-content/uploads/2015/06/03-Chuan-bi-tu-tuong-nhan-thuc-Kinh-DMC.mp3
http://thaohoiam.vn/van-dap-duy-ma-cat-kinh/,http://thaohoiam.vn/wp-content/uploads/2015/06/03-Chuan-bi-tu-tuong-nhan-thuc-Kinh-DMC.mp3?_=3
http://thaohoiam.vn/van-dap-duy-ma-cat-kinh/,http://thaohoiam.vn/wp-content/uploads/2015/06/04-Chuan-bi-tu-tuong-nhan-thuc-Kinh-DMC-tiep-theo.mp3
http://thaohoiam.vn/van-dap-duy-ma-cat-kinh/,http://thaohoiam.vn/wp-content/uploads/2015/06/04-Chuan-bi-tu-tuong-nhan-thuc-Kinh-DMC-tiep-theo.mp3?_=4
http://thaohoiam.vn/van-dap-duy-ma-cat-kinh/,http://thaohoiam.vn/wp-content/uploads/2015/06/05-The-nao-la-phap-mon-giai-thoat-bat-tu-nghi.mp3
http://thaohoiam.vn/van-dap-duy-ma-cat-kinh/,http://thaohoiam.vn/wp-content/uploads/2015/06/05-The-nao-la-phap-mon-giai-thoat-bat-tu-nghi.mp3?_=5
http://thaohoiam.vn/van-dap-duy-ma-cat-kinh/,http://thaohoiam.vn/wp-content/uploads/2015/06/06-Loi-TUA-kinh-Duy-Ma-Cat.mp3
http://thaohoiam.vn/van-dap-duy-ma-cat-kinh/,http://thaohoiam.vn/wp-content/uploads/2015/06/06-Loi-TUA-kinh-Duy-Ma-Cat.mp3?_=6
http://thaohoiam.vn/van-dap-duy-ma-cat-kinh/,http://thaohoiam.vn/wp-content/uploads/2015/06/07-Nhan-thuc-kinh-DMC-va-Kinh-Phap-hoa-qua-ba-lan-Tinh-do-ba-lan-phong-hao-quang.mp3
http://thaohoiam.vn/van-dap-duy-ma-cat-kinh/,http://thaohoiam.vn/wp-content/uploads/2015/06/07-Nhan-thuc-kinh-DMC-va-Kinh-Phap-hoa-qua-ba-lan-Tinh-do-ba-lan-phong-hao-quang.mp3?_=7
http://thaohoiam.vn/van-dap-duy-ma-cat-kinh/,http://thaohoiam.vn/wp-content/uploads/2015/06/08-Ta-m-thanh-tinh-thi-co-coi-Phat-thanh-tinh.mp3
http://thaohoiam.vn/van-dap-duy-ma-cat-kinh/,http://thaohoiam.vn/wp-content/uploads/2015/06/08-Ta-m-thanh-tinh-thi-co-coi-Phat-thanh-tinh.mp3?_=8
http://thaohoiam.vn/van-dap-duy-ma-cat-kinh/,http://thaohoiam.vn/wp-content/uploads/2015/06/09-Danh-hieu-Bo-tat-tieu-bieu-duc-do-va-hanh-nguyen-cua-vi-Bo-tat-do.mp3
http://thaohoiam.vn/van-dap-duy-ma-cat-kinh/,http://thaohoiam.vn/wp-content/uploads/2015/06/09-Danh-hieu-Bo-tat-tieu-bieu-duc-do-va-hanh-nguyen-cua-vi-Bo-tat-do.mp3?_=9
http://thaohoiam.vn/van-dap-duy-ma-cat-kinh/,http://thaohoiam.vn/wp-content/uploads/2015/06/10-Gioi-thieu-phap-gioi-nhat-chan-Suc-than-Phat-la-the-nao.mp3
http://thaohoiam.vn/van-dap-duy-ma-cat-kinh/,http://thaohoiam.vn/wp-content/uploads/2015/06/10-Gioi-thieu-phap-gioi-nhat-chan-Suc-than-Phat-la-the-nao.mp3?_=10
http://thaohoiam.vn/van-dap-duy-ma-cat-kinh/,http://thaohoiam.vn/wp-content/uploads/2015/06/11-Ba-lan-chuyen-phap-coi-dai-thien-Phap-luan-ay-ban-lai-thanh-tinh.mp3
http://thaohoiam.vn/van-dap-duy-ma-cat-kinh/,http://thaohoiam.vn/wp-content/uploads/2015/06/11-Ba-lan-chuyen-phap-coi-dai-thien-Phap-luan-ay-ban-lai-thanh-tinh.mp3?_=11
http://thaohoiam.vn/van-dap-duy-ma-cat-kinh/,http://thaohoiam.vn/wp-content/uploads/2015/06/12-Moi-tang-lop-chung-sanh-chinh-la-coi-Phat-thanh-tinh-cua-Bo-tat.mp3
http://thaohoiam.vn/van-dap-duy-ma-cat-kinh/,http://thaohoiam.vn/wp-content/uploads/2015/06/12-Moi-tang-lop-chung-sanh-chinh-la-coi-Phat-thanh-tinh-cua-Bo-tat.mp3?_=12
http://thaohoiam.vn/van-dap-duy-ma-cat-kinh/,http://thaohoiam.vn/wp-content/uploads/2015/06/13-Bo-tat-xay-dung-coi-Phat-cho-minh-bang-viec-lam-nhu-the-nao.mp3
http://thaohoiam.vn/van-dap-duy-ma-cat-kinh/,http://thaohoiam.vn/wp-content/uploads/2015/06/13-Bo-tat-xay-dung-coi-Phat-cho-minh-bang-viec-lam-nhu-the-nao.mp3?_=13
http://thaohoiam.vn/van-dap-duy-ma-cat-kinh/,http://thaohoiam.vn/wp-content/uploads/2015/06/14-Hieu-dung-ve-cac-loi-nguyen-cua-Phat-A-Di-Da.mp3
http://thaohoiam.vn/van-dap-duy-ma-cat-kinh/,http://thaohoiam.vn/wp-content/uploads/2015/06/14-Hieu-dung-ve-cac-loi-nguyen-cua-Phat-A-Di-Da.mp3?_=14
http://thaohoiam.vn/van-dap-duy-ma-cat-kinh/,http://thaohoiam.vn/wp-content/uploads/2015/06/15-The-ton-xua-kia-tu-nhan-dia-va-hanh-Bo-tat-the-nao-ma-coi-Phat-ngay-nay-khong-thanh-tinh.mp3
http://thaohoiam.vn/van-dap-duy-ma-cat-kinh/,http://thaohoiam.vn/wp-content/uploads/2015/06/15-The-ton-xua-kia-tu-nhan-dia-va-hanh-Bo-tat-the-nao-ma-coi-Phat-ngay-nay-khong-thanh-tinh.mp3?_=15
http://thaohoiam.vn/van-dap-duy-ma-cat-kinh/,http://thaohoiam.vn/wp-content/uploads/2015/06/16-Do-nghiep-chuong-nang-phuoc-duc-mong-nen-thay-canh-bat-tinh.mp3
http://thaohoiam.vn/van-dap-duy-ma-cat-kinh/,http://thaohoiam.vn/wp-content/uploads/2015/06/16-Do-nghiep-chuong-nang-phuoc-duc-mong-nen-thay-canh-bat-tinh.mp3?_=16
